ID,BDR LDAP,Country,Industry
dqsmcGR,pjameson,Italy,eCommerse
JMwVzYT,amiddleton,UKIE,Software
wCTbTDW,psally,UKIE,FSI
YVfwAsN,ncollins,Turkey,eCommerse
XbtLDtt,aalomg,Germany,Manufacturing
sOofiQQ,jthompson,UKIE,Software
wgOVDSH,aalomg,Germany,CPG
iBoPmKV,psally,UKIE,Manufacturing
wMfgrTt,asegm,France,Software
eUQTSzH,jthompson,UKIE,Manufacturing
KiAoFUH,asegm,France,FSI
afFJLNt,gbunge,Israel,Manufacturing
Ltjjwyt,gbunge,Israel,FSI
LNHeKVy,asegm,France,CPG
NDfDCeK,jsmith,Spain,FSI
cenpbSz,jthompson,UKIE,Software
ymbAWCi,gbunge,Israel,eCommerse
QYPYAdq,jsmith,Spain,FSI
zYclQOq,aalomg,Germany,eCommerse
OUQHewD,asegm,France,CPG
upWJkXC,jthompson,UKIE,Software
LsDiEvG,gbunge,Israel,Manufacturing
vPrSyQV,aalomg,Germany,Manufacturing
SsFlSfE,psally,UKIE,Software
MjExBIl,jthompson,UKIE,FSI
GpJbDCn,aalomg,Germany,Manufacturing
vSRMpue,jsmith,Spain,Software
TGriQqD,aalomg,Germany,CPG
kPoCSwo,aalomg,Germany,Software
uyZwmsz,amiddleton,UKIE,Manufacturing
AQlnXCe,mmoo,CEE,Software
ThNhTog,amiddleton,UKIE,CPG
CGlAgrb,psally,UKIE,Manufacturing
zytvtWJ,ncollins,Turkey,CPG
iLQrtxY,psally,UKIE,eCommerse
myXPdtp,gbunge,Israel,eCommerse
AdijuYe,jthompson,UKIE,FSI
IXsAQwO,ncollins,Turkey,Software
EGUHjlX,aalomg,Germany,Manufacturing
jcJyfbA,aalomg,Germany,CPG
IDOOIWG,jsmith,Spain,FSI
LgQPHoj,amiddleton,UKIE,FSI
mZxhinn,asegm,France,eCommerse
cpRYCZP,ncollins,Turkey,Manufacturing
hfXnSZI,psally,UKIE,Software
agjCWFy,amiddleton,UKIE,Software
Txftfdb,mmoo,CEE,Software
ajinDGi,jthompson,UKIE,FSI
tMEYchr,psally,UKIE,eCommerse
ETBywFW,gbunge,Israel,Manufacturing
pVnGoeW,gbunge,Israel,FSI
wNElVaN,jthompson,UKIE,eCommerse
NlPGXfE,amiddleton,UKIE,CPG
VoJesGE,jsmith,Spain,Software
GwwrBfz,mmoo,CEE,CPG
LBrZoRA,psally,UKIE,CPG
IsOPEtF,pjameson,Italy,CPG
YCzzgJD,aalomg,Germany,FSI
IUHQNsj,pjameson,Italy,Manufacturing
qQyHfOU,pjameson,Italy,FSI
iRAiIsS,gbunge,Israel,FSI
jWDaiWO,jthompson,UKIE,Software
ysfvTpL,jthompson,UKIE,CPG
vLASoWM,pjameson,Italy,Software
PTNBwHw,pjameson,Italy,Software
ueVKHXv,pjameson,Italy,Manufacturing
NQjjwJT,aalomg,Germany,Manufacturing
zlNOnNA,amiddleton,UKIE,FSI
TNyptKD,mmoo,CEE,Manufacturing
EuHBXJW,mmoo,CEE,Manufacturing
avnhEaF,pjameson,Italy,Manufacturing
BbeagUB,jsmith,Spain,CPG
KnBkkfV,gbunge,Israel,CPG
mgGMkew,pjameson,Italy,eCommerse
cElHBKf,amiddleton,UKIE,FSI
PwSLmeY,gbunge,Israel,FSI
NorAGkn,gbunge,Israel,FSI
HqSnyIl,jthompson,UKIE,FSI
QkPjWAV,pjameson,Italy,CPG
wmyifoF,aalomg,Germany,Manufacturing
ZJdZRkP,psally,UKIE,Manufacturing
OwfrKgn,pjameson,Italy,Software
NVAMQIM,psally,UKIE,FSI
gponjoG,mmoo,CEE,Manufacturing
CFcboVh,gbunge,Israel,Software
SxaGWIE,asegm,France,Software
mCOToQt,psally,UKIE,Manufacturing
oCYxlfk,gbunge,Israel,eCommerse
YwEwzgp,gbunge,Israel,FSI
VXsnOkg,gbunge,Israel,Software
wriVqVE,aalomg,Germany,FSI
ySBfeQP,jthompson,UKIE,Software
ErORoqV,asegm,France,Manufacturing
LpTFfUf,asegm,France,CPG
EIQRqdQ,aalomg,Germany,Manufacturing
mfMUQnV,gbunge,Israel,FSI
ncxDKbm,psally,UKIE,CPG
hGpPAqb,mmoo,CEE,CPG
ZhHtGLw,jsmith,Spain,CPG
MrqQFaS,jsmith,Spain,Manufacturing
QdgeZxo,pjameson,Italy,eCommerse
rFDmdnu,gbunge,Israel,eCommerse
gAAAuMg,mmoo,CEE,eCommerse
VEgeRcq,aalomg,Germany,eCommerse
pGldhmh,jsmith,Spain,Manufacturing
SPwcIQT,jsmith,Spain,FSI
qZtHXMr,pjameson,Italy,Software
qlOjHec,ncollins,Turkey,FSI
pejlXzR,psally,UKIE,CPG
fqqssLp,amiddleton,UKIE,CPG
aIwIDYM,jsmith,Spain,FSI
jChqxUG,pjameson,Italy,Manufacturing
CHdqBvg,asegm,France,Software
qhMpfvm,gbunge,Israel,eCommerse
IgHixBL,jsmith,Spain,eCommerse
ifWPRDg,jsmith,Spain,FSI
YScCpUD,aalomg,Germany,Software
gDYgkDP,gbunge,Israel,Manufacturing
QrHAxAp,jsmith,Spain,eCommerse
SOvDerH,mmoo,CEE,FSI
EIurPSA,asegm,France,Manufacturing
wxfBUkF,mmoo,CEE,CPG
MPeiEKH,gbunge,Israel,Software
MEefRBO,asegm,France,FSI
DTzXfta,aalomg,Germany,FSI
fxqxOfa,jsmith,Spain,CPG
sPMoFcF,gbunge,Israel,Manufacturing
cjZcXVb,mmoo,CEE,CPG
sGyOMtA,gbunge,Israel,eCommerse
lwJjWzM,aalomg,Germany,FSI
CFRyfWg,pjameson,Italy,Software
dVaOoCF,gbunge,Israel,CPG
fvjCQip,aalomg,Germany,Software
ZLPcqzS,jsmith,Spain,Software
qBShxcZ,mmoo,CEE,FSI
YERPAdE,ncollins,Turkey,Manufacturing
SKgMZZc,jsmith,Spain,Manufacturing
hCkUNAh,mmoo,CEE,CPG
rzpgeSs,pjameson,Italy,Software
wjMyPVG,gbunge,Israel,CPG
LHDFkzP,ncollins,Turkey,Manufacturing
kfYVTpG,amiddleton,UKIE,eCommerse
KRUCCRc,pjameson,Italy,Manufacturing
BQmXqoq,jsmith,Spain,Manufacturing
WWrFCcF,gbunge,Israel,Manufacturing
diekxRA,amiddleton,UKIE,FSI
DFiyhkg,jsmith,Spain,Manufacturing
UsxkfjQ,amiddleton,UKIE,FSI
SgMrumc,pjameson,Italy,eCommerse
atntZRy,jsmith,Spain,Manufacturing
NdcXWuA,jthompson,UKIE,CPG
fapUXsu,gbunge,Israel,CPG
dHPNDak,jsmith,Spain,CPG
brpAntP,gbunge,Israel,Manufacturing
hNBZcMf,aalomg,Germany,CPG
VlxXHCz,asegm,France,Software
zLdTqZp,jthompson,UKIE,FSI
yNFNYFo,gbunge,Israel,CPG
DUCjssE,jsmith,Spain,eCommerse
sNKBFsx,jthompson,UKIE,CPG
IIasgZy,pjameson,Italy,Manufacturing
nZoGLzr,amiddleton,UKIE,Software
oChJRhQ,pjameson,Italy,Software
eMslNVW,pjameson,Italy,Manufacturing
iRmLQMx,ncollins,Turkey,CPG
EKSydaf,asegm,France,CPG
IISrDJN,gbunge,Israel,CPG
JApLZGv,jsmith,Spain,Software
WFJPunv,jsmith,Spain,FSI
YdEBwGx,gbunge,Israel,FSI
rIuHwWc,ncollins,Turkey,Software
nRrnZlr,jsmith,Spain,Manufacturing
wYAWLUZ,jsmith,Spain,CPG
aADHHWW,jthompson,UKIE,Software
SmvVZtw,pjameson,Italy,CPG
bPWGQhX,pjameson,Italy,Software
qIwYlZZ,pjameson,Italy,Software
rHRoghq,gbunge,Israel,Manufacturing
EBujAdP,aalomg,Germany,Software
KCDuuMp,amiddleton,UKIE,eCommerse
psbcXxY,aalomg,Germany,eCommerse
WNVvZNv,pjameson,Italy,eCommerse
ZesTVNz,jthompson,UKIE,CPG
chZBZpg,asegm,France,Software
txaFDdi,jsmith,Spain,Software
PeKDEHj,gbunge,Israel,Software
UUMJSDp,jsmith,Spain,Software
xhIvZtq,jsmith,Spain,FSI
uoPyKAo,jthompson,UKIE,FSI
AHkDYse,pjameson,Italy,CPG
yHuMkxU,gbunge,Israel,Manufacturing
eSIgega,aalomg,Germany,FSI
Nkwryaj,gbunge,Israel,Manufacturing
ebJTUYo,amiddleton,UKIE,CPG
yRvwpeE,ncollins,Turkey,CPG
weyciDr,pjameson,Italy,Manufacturing
qPFifFC,pjameson,Italy,FSI
GFzQMha,amiddleton,UKIE,CPG
jGFgoYW,amiddleton,UKIE,eCommerse
secPpRI,mmoo,CEE,eCommerse
ifMyqIq,asegm,France,FSI
yaWZONk,jsmith,Spain,Manufacturing
dQSpwNA,psally,UKIE,CPG
LXIdiJL,pjameson,Italy,eCommerse
gXjvZCY,asegm,France,Software
yRCjCyn,aalomg,Germany,FSI
PyttxnE,mmoo,CEE,eCommerse
gGZRVRb,jsmith,Spain,Software
xkZwyor,jsmith,Spain,Manufacturing
qVdSzhc,gbunge,Israel,CPG
ExnnGwR,jsmith,Spain,CPG
ZlTbqrP,jthompson,UKIE,Manufacturing
UMtPclC,psally,UKIE,CPG
AFikReA,amiddleton,UKIE,eCommerse
RMjfkZO,gbunge,Israel,Manufacturing
DBDJcLd,psally,UKIE,eCommerse
eXXWZwV,jsmith,Spain,Software
SApXWvp,amiddleton,UKIE,CPG
lEUPvax,mmoo,CEE,Manufacturing
IDzxddr,ncollins,Turkey,CPG
FBZfNhY,pjameson,Italy,CPG
YzSTeBu,pjameson,Italy,Manufacturing
foIPZEx,amiddleton,UKIE,eCommerse
wZzZczy,asegm,France,Manufacturing
SnFKhxO,amiddleton,UKIE,Manufacturing
JsywQaf,asegm,France,eCommerse
DQJrPVv,aalomg,Germany,CPG
orcRPeE,asegm,France,eCommerse
BQfQehi,ncollins,Turkey,CPG
YRKBaAY,psally,UKIE,Software
dJzuDSe,jthompson,UKIE,CPG
GcfzfPC,gbunge,Israel,Manufacturing
ThOHNDr,aalomg,Germany,Software
FOrsaru,gbunge,Israel,FSI
gXtmMER,psally,UKIE,Software
xNozXBN,mmoo,CEE,eCommerse
URLNUsI,aalomg,Germany,Software
LkhnKmZ,aalomg,Germany,Software
vhZuDUK,jthompson,UKIE,FSI
eznryHK,jthompson,UKIE,eCommerse
RfYvgbE,jthompson,UKIE,Software
hJRhXVI,amiddleton,UKIE,FSI
YAzCKAu,jsmith,Spain,FSI
ilPmgqE,gbunge,Israel,FSI
cKFJoBH,gbunge,Israel,Software
aBCUbMi,psally,UKIE,eCommerse
cxAVseE,gbunge,Israel,Manufacturing
PgrXeVa,amiddleton,UKIE,eCommerse
GvdwmBP,amiddleton,UKIE,eCommerse
PbkfpTq,mmoo,CEE,Manufacturing
CAoKqsO,psally,UKIE,FSI
fPuYlwR,mmoo,CEE,Manufacturing
DfkBeVK,asegm,France,FSI
EqByJFv,gbunge,Israel,CPG
YckqgVj,jsmith,Spain,FSI
vshUbnB,jthompson,UKIE,eCommerse
gTCqYjk,jsmith,Spain,Software
HDiLDWZ,gbunge,Israel,Software
RpVHHGU,mmoo,CEE,CPG
pRRBiTP,psally,UKIE,Manufacturing
IsNGOLs,jthompson,UKIE,CPG
TrnPEqU,jsmith,Spain,CPG
wIVncsj,aalomg,Germany,CPG
xtuZfaE,jthompson,UKIE,FSI
uJgrbCq,ncollins,Turkey,CPG
cmAxXxF,jsmith,Spain,eCommerse
KQTIyxN,gbunge,Israel,Software
UkiVkAs,asegm,France,CPG
AnrFxsL,mmoo,CEE,Software
mISzbTK,mmoo,CEE,eCommerse
YUcsrcd,jsmith,Spain,Manufacturing
WSGpJzq,aalomg,Germany,FSI
CMVMGwU,ncollins,Turkey,eCommerse
prftteO,psally,UKIE,Software
TKRQqTq,amiddleton,UKIE,FSI
HVdvoax,mmoo,CEE,Software
hsfNtyw,mmoo,CEE,eCommerse
QBodVGs,jsmith,Spain,FSI
lizJaCG,jsmith,Spain,CPG
MnMfFFp,asegm,France,eCommerse
ZxbXglS,mmoo,CEE,Manufacturing
PTMSziz,gbunge,Israel,Software
KybbVmS,psally,UKIE,eCommerse
AayByUk,psally,UKIE,Software
aMBByjR,jthompson,UKIE,FSI
ewWfbmi,jthompson,UKIE,FSI
NLdzIqs,jsmith,Spain,Manufacturing
Ucrsuzo,amiddleton,UKIE,FSI
qBkWarZ,asegm,France,eCommerse
LNJtvtj,ncollins,Turkey,Manufacturing
LDolTfy,pjameson,Italy,FSI
GAjGuzs,aalomg,Germany,Manufacturing
jSbZZfu,asegm,France,FSI
YtgTrcn,asegm,France,eCommerse
aqdJmbM,jthompson,UKIE,CPG
eCnBIab,asegm,France,Software
lplLaSF,pjameson,Italy,eCommerse
nwSgczz,mmoo,CEE,Manufacturing
nRnowqZ,ncollins,Turkey,Manufacturing
ilkNSXq,psally,UKIE,Manufacturing
lGJCfGH,asegm,France,Manufacturing
ICRCeZR,jsmith,Spain,Manufacturing
PvIBUqV,gbunge,Israel,Manufacturing
COdeffS,amiddleton,UKIE,FSI
VfFDlnq,mmoo,CEE,Software
gFMGhfa,pjameson,Italy,Manufacturing
VAulJyz,jsmith,Spain,CPG
puLwtWn,aalomg,Germany,Software
ofEYbui,gbunge,Israel,Software
wnqxkPA,gbunge,Israel,Software
yPgmBXQ,pjameson,Italy,eCommerse
gRVOMJp,psally,UKIE,FSI
AzZycow,jthompson,UKIE,CPG
XtUFkFG,aalomg,Germany,CPG
LzsiGiR,mmoo,CEE,Software
vVbDyDc,jthompson,UKIE,CPG
jkSMLgZ,pjameson,Italy,Manufacturing
lQYlWxV,amiddleton,UKIE,Software
gFMBHBl,psally,UKIE,CPG
xqfATmm,psally,UKIE,Manufacturing
GhHJpuy,amiddleton,UKIE,Software
ONRYVkY,pjameson,Italy,FSI
XoPhDfm,jthompson,UKIE,eCommerse
slVaOmw,jthompson,UKIE,CPG
TkDKfby,jsmith,Spain,CPG
oKyoJOA,jsmith,Spain,Software
WAdNSXf,amiddleton,UKIE,FSI
bMBejfx,pjameson,Italy,Manufacturing
RircowO,aalomg,Germany,CPG
utvXsUo,gbunge,Israel,Software
nHgmQYT,mmoo,CEE,FSI
gulJzGT,gbunge,Israel,CPG
tMAdrOF,jthompson,UKIE,CPG
vGazlva,jthompson,UKIE,Manufacturing
CoADhcD,aalomg,Germany,Manufacturing
AcczfTy,amiddleton,UKIE,Software
MVsxMpE,amiddleton,UKIE,eCommerse
sUzAbre,pjameson,Italy,eCommerse
XRlosdY,jthompson,UKIE,CPG
zpBQfDr,psally,UKIE,Software
aXrLEOX,aalomg,Germany,FSI
xOsHWLe,asegm,France,Manufacturing
gnBxSwy,jsmith,Spain,CPG
BgiKJwr,aalomg,Germany,Software
EoObuwx,mmoo,CEE,eCommerse
SgniVzg,ncollins,Turkey,Software
AorLgYd,jthompson,UKIE,Software
abcJYGD,pjameson,Italy,eCommerse
FsYnsJO,psally,UKIE,Manufacturing
JmmlepJ,amiddleton,UKIE,Manufacturing
tvTTRBl,mmoo,CEE,FSI
zROnXmo,amiddleton,UKIE,Manufacturing
qGSyBGx,jsmith,Spain,FSI
mvqKocL,amiddleton,UKIE,FSI
vdHAxld,mmoo,CEE,CPG
evVfKbV,gbunge,Israel,Software
hLVymiX,aalomg,Germany,CPG
EtkbHRE,jsmith,Spain,CPG
WxsWwMi,ncollins,Turkey,eCommerse
EEQDgHH,aalomg,Germany,CPG
RZRhxtQ,gbunge,Israel,Manufacturing
rLQAwYo,jsmith,Spain,Software
ZYeNbBh,jsmith,Spain,CPG
RKWVrUF,pjameson,Italy,Software
NgUeazG,jthompson,UKIE,Software
grvTVvF,jthompson,UKIE,eCommerse
UibydRM,jsmith,Spain,Software
MzezQav,mmoo,CEE,eCommerse
fDNMrWS,jthompson,UKIE,Software
cVzWqYm,aalomg,Germany,CPG
MAIuZQR,gbunge,Israel,FSI
yVEdQbb,amiddleton,UKIE,CPG
FFUOrqT,gbunge,Israel,FSI
DpktXCA,jsmith,Spain,Manufacturing
YxjFEfH,amiddleton,UKIE,FSI
KxvWirQ,jthompson,UKIE,Manufacturing
ttIOdnK,mmoo,CEE,CPG
EOCUynV,asegm,France,Manufacturing
fjDdiQy,gbunge,Israel,eCommerse
jtERUWe,aalomg,Germany,eCommerse
rEWCsEb,jthompson,UKIE,CPG
HCdkJnL,ncollins,Turkey,CPG
oTbzTet,pjameson,Italy,Manufacturing
FTVCWLi,jthompson,UKIE,eCommerse
blwHSEC,jsmith,Spain,CPG
hPJMWnr,aalomg,Germany,eCommerse
LvSDnqy,pjameson,Italy,Software
PrDHKEx,aalomg,Germany,eCommerse
JGpVeaH,amiddleton,UKIE,Software
fvtsobV,gbunge,Israel,eCommerse
eWMqHBH,ncollins,Turkey,Software
nvkHYMI,jsmith,Spain,FSI
Nbrzsxx,amiddleton,UKIE,FSI
kCuBYaN,aalomg,Germany,FSI
LOqxPyJ,psally,UKIE,Software
ApUrJWW,pjameson,Italy,Manufacturing
KHBtBxn,gbunge,Israel,CPG
eGQfUaK,pjameson,Italy,eCommerse
QEKdwdK,pjameson,Italy,CPG
rHjTknb,aalomg,Germany,eCommerse
ZfRiKYr,asegm,France,FSI
cZloJFP,jthompson,UKIE,Manufacturing
nlAldfN,jsmith,Spain,Software
ZdkRwUH,amiddleton,UKIE,eCommerse
oyQQGnt,jsmith,Spain,Software
ctSNWmK,jsmith,Spain,eCommerse
dJGzseM,jthompson,UKIE,eCommerse
IvjgYKD,pjameson,Italy,CPG
eDgVtqB,asegm,France,FSI
fnFzYnV,jsmith,Spain,eCommerse
VjAmLik,psally,UKIE,FSI
bpsGlRb,psally,UKIE,Software
IqMXvtD,amiddleton,UKIE,eCommerse
jTuHONW,ncollins,Turkey,FSI
jIVVEIq,ncollins,Turkey,Manufacturing
JeQbwcY,jthompson,UKIE,eCommerse
YhSncdr,psally,UKIE,FSI
ETSoWXl,gbunge,Israel,FSI
fMFgUEk,psally,UKIE,FSI
VsMtSEx,pjameson,Italy,FSI
nDqYdbA,jsmith,Spain,eCommerse
nEIblzS,pjameson,Italy,FSI
Bgpkywk,pjameson,Italy,CPG
SXeuOzN,gbunge,Israel,Manufacturing
PbdcPBR,mmoo,CEE,Manufacturing
mBYlifd,asegm,France,eCommerse
uEAXAaK,asegm,France,eCommerse
cMEsYDI,psally,UKIE,eCommerse
zVtgIQz,psally,UKIE,CPG
RbGfzgF,pjameson,Italy,CPG
PEmABTf,psally,UKIE,FSI
HDQIYLP,asegm,France,FSI
fMvkoQJ,jsmith,Spain,CPG
blCLlFb,jsmith,Spain,FSI
ubrSEjV,asegm,France,eCommerse
HMVKzTA,jthompson,UKIE,CPG
uCvslDR,asegm,France,eCommerse
jJaXpuZ,amiddleton,UKIE,Software
snKSayQ,gbunge,Israel,Software
JKhMSyT,gbunge,Israel,CPG
JzBlJwc,amiddleton,UKIE,FSI
RYQMqbf,asegm,France,CPG
XtDAmPU,ncollins,Turkey,eCommerse
MghUzUv,aalomg,Germany,FSI
rzDLFNT,asegm,France,Software
RuQlvGA,gbunge,Israel,Manufacturing
ttDqIaL,aalomg,Germany,CPG
PkaUNDH,jsmith,Spain,FSI
iYhMQfG,ncollins,Turkey,Software
ISEzCrP,psally,UKIE,Software
dPtdJdE,pjameson,Italy,Manufacturing
OiOtqCW,gbunge,Israel,Manufacturing
uCjaCYS,mmoo,CEE,FSI
shXYEmL,jthompson,UKIE,eCommerse
NgZfBcS,aalomg,Germany,FSI
QemdELV,ncollins,Turkey,CPG
zOyrQeM,gbunge,Israel,CPG
UNbxKTb,aalomg,Germany,Software
BexNVkD,mmoo,CEE,Manufacturing
aKOEgut,pjameson,Italy,Manufacturing
WQBQHPR,aalomg,Germany,Software
AbubLpq,gbunge,Israel,FSI
CFtpxCh,psally,UKIE,FSI
MZwggaL,psally,UKIE,eCommerse
hPjiCpc,ncollins,Turkey,CPG
YRfTwlk,asegm,France,FSI
IWGEuce,asegm,France,Software
zqAsBaS,aalomg,Germany,FSI
kyZPzMx,jthompson,UKIE,FSI
QjYZnAh,jthompson,UKIE,eCommerse
bTRroso,amiddleton,UKIE,Software
kKANhWa,ncollins,Turkey,CPG
FwRAkSW,psally,UKIE,CPG
GDLiJwu,aalomg,Germany,CPG
cAXQXMt,ncollins,Turkey,Manufacturing
ktTjRFq,ncollins,Turkey,Software
QcAuKMw,mmoo,CEE,Software
BdEVWIL,asegm,France,Software
kCjtZcT,pjameson,Italy,CPG
MnnCdlW,pjameson,Italy,Manufacturing
jgInxZL,ncollins,Turkey,eCommerse
DSWcfxz,amiddleton,UKIE,FSI
fllqGAL,psally,UKIE,eCommerse
fYAHtWL,ncollins,Turkey,FSI
iXYljAh,jsmith,Spain,Software
VamcBeN,pjameson,Italy,Manufacturing
PYXlkvA,ncollins,Turkey,Software
rFNqVln,asegm,France,eCommerse
zDAYqMU,mmoo,CEE,FSI
NveaTHx,aalomg,Germany,FSI
MBpRRQw,mmoo,CEE,FSI
fHEbKgB,aalomg,Germany,CPG
KYPqCAC,psally,UKIE,Manufacturing
wLpEkCX,ncollins,Turkey,FSI
PZcImIp,gbunge,Israel,FSI
UfxltyV,pjameson,Italy,Manufacturing
TLGGLnb,gbunge,Israel,eCommerse
FNTHKWh,mmoo,CEE,CPG
bIcEQYz,ncollins,Turkey,eCommerse
uvXslBq,amiddleton,UKIE,FSI
GZdSFVt,psally,UKIE,Software
rxGUpeS,jsmith,Spain,CPG
fGkaIml,asegm,France,Manufacturing
UuHxewH,gbunge,Israel,FSI
CBWEJjd,jthompson,UKIE,FSI
jkRQZxm,aalomg,Germany,Software
HUtlyqW,jsmith,Spain,FSI
VFalXgt,psally,UKIE,eCommerse
avqTtZp,amiddleton,UKIE,FSI
fqDVGWe,psally,UKIE,Manufacturing
VenONVB,pjameson,Italy,eCommerse
zWysiUu,amiddleton,UKIE,FSI
UwrohJd,psally,UKIE,Manufacturing
XGOCHsj,gbunge,Israel,CPG
zWarFVK,gbunge,Israel,Software
YmhaNym,aalomg,Germany,Software
ScQdaFG,aalomg,Germany,Manufacturing
MdGRlMF,ncollins,Turkey,CPG
WFnSVBu,ncollins,Turkey,Manufacturing
OtByOAh,psally,UKIE,FSI
PGuAwie,asegm,France,Manufacturing
cZkQsLF,pjameson,Italy,CPG
IoTbWXc,amiddleton,UKIE,Manufacturing
fLYvNJR,jthompson,UKIE,Software
ZKbRWFA,asegm,France,Software
ccGklXR,asegm,France,eCommerse
XyhJiXE,mmoo,CEE,FSI
aoKIIcz,mmoo,CEE,CPG
cacUzwi,jsmith,Spain,eCommerse
vbFPMED,aalomg,Germany,Manufacturing
aumlXzw,jthompson,UKIE,Software
IYtVkXb,gbunge,Israel,eCommerse
Vxgerpx,amiddleton,UKIE,Manufacturing
EtcdFzL,psally,UKIE,CPG
SaaRZEY,psally,UKIE,Software
CVTgxiU,asegm,France,FSI
GbQqIOv,asegm,France,Manufacturing
GjMdvVA,pjameson,Italy,Software
WUozhee,jthompson,UKIE,Manufacturing
ZCCrBaN,amiddleton,UKIE,FSI
axHtUVA,aalomg,Germany,eCommerse
LqKkEBk,psally,UKIE,FSI
qqupmXB,amiddleton,UKIE,CPG
jFqseCT,pjameson,Italy,eCommerse
jBubhUF,ncollins,Turkey,CPG
bSNenUK,mmoo,CEE,FSI
YnhegEt,gbunge,Israel,Software
RAtkOrE,jthompson,UKIE,Manufacturing
OtlWQcM,jthompson,UKIE,Software
vqPPnHQ,aalomg,Germany,CPG
YRbavqf,mmoo,CEE,Manufacturing
IJoljAc,jsmith,Spain,Software
biQAjEC,psally,UKIE,FSI
gEAhUIm,gbunge,Israel,CPG
cnQFvTv,gbunge,Israel,CPG
WqhsuEO,mmoo,CEE,FSI
rERsGdR,asegm,France,CPG
WgNMeBW,mmoo,CEE,FSI
UJmHaop,asegm,France,Software
LPyNHRI,mmoo,CEE,eCommerse
aRzEndU,psally,UKIE,eCommerse
HsTRIKh,psally,UKIE,Manufacturing
zbWKVSE,jthompson,UKIE,Manufacturing
VFFAjVy,jthompson,UKIE,FSI
XqpRNgC,ncollins,Turkey,Software
xQqtghl,jthompson,UKIE,Manufacturing
rvkipqA,jsmith,Spain,FSI
jvhOwsm,gbunge,Israel,Software
jWPzKUE,jsmith,Spain,eCommerse
UqdMOMc,pjameson,Italy,CPG
jZEzoQL,jsmith,Spain,Manufacturing
hTEipaj,jsmith,Spain,CPG
PanWVEk,pjameson,Italy,Manufacturing
YMctoMt,asegm,France,eCommerse
bVyhFfi,jthompson,UKIE,CPG
hnbCGcY,asegm,France,CPG
KseWEyt,mmoo,CEE,FSI
XOSEgXR,pjameson,Italy,Manufacturing
AoQDBAD,ncollins,Turkey,FSI
ZaqKoUB,ncollins,Turkey,Manufacturing
wskuPXH,amiddleton,UKIE,eCommerse
kNCCndO,ncollins,Turkey,eCommerse
bRSnvga,ncollins,Turkey,FSI
ktzSCoF,psally,UKIE,Manufacturing
brJElrD,asegm,France,FSI
WFExHxc,psally,UKIE,eCommerse
ewSIQFG,amiddleton,UKIE,eCommerse
fwGgkch,psally,UKIE,FSI
psrivwF,amiddleton,UKIE,Manufacturing
NrHpoQp,gbunge,Israel,Software
jgSEkMM,jthompson,UKIE,eCommerse
NFvGJYC,pjameson,Italy,eCommerse
ArSzUOH,pjameson,Italy,FSI
NBzKUIB,jsmith,Spain,Software
yQqvAdM,amiddleton,UKIE,Manufacturing
FoGoSSa,ncollins,Turkey,eCommerse
XBLmXMG,gbunge,Israel,Software
NxhxxKL,ncollins,Turkey,FSI
QdlmZJG,ncollins,Turkey,CPG
VNTWjBd,jthompson,UKIE,Manufacturing
YWoVFaL,mmoo,CEE,Manufacturing
qBxsLjG,asegm,France,CPG
WitjnAs,psally,UKIE,Software
IVKNyJS,gbunge,Israel,Software
DtNRjlU,asegm,France,CPG
nvLqaTw,jthompson,UKIE,FSI
LvxdBCP,pjameson,Italy,eCommerse
PeDFkOc,psally,UKIE,FSI
DMUiGyT,jsmith,Spain,Manufacturing
REkAcFq,jsmith,Spain,CPG
eSmLQTP,ncollins,Turkey,Manufacturing
cBVvDxw,asegm,France,eCommerse
pKFUnkF,jthompson,UKIE,eCommerse
gWmENcp,pjameson,Italy,FSI
FhSqWJS,mmoo,CEE,CPG
KEwblrd,pjameson,Italy,CPG
omQMeLM,asegm,France,Software
ByEYKLE,asegm,France,Manufacturing
ErajGuB,ncollins,Turkey,CPG
jrKqorx,gbunge,Israel,Manufacturing
HwSrqbj,jthompson,UKIE,Manufacturing
PiqvpNF,jsmith,Spain,eCommerse
PGJpgBx,ncollins,Turkey,Manufacturing
BaFuOmT,psally,UKIE,FSI
ROKhwhE,ncollins,Turkey,Software
vAzWIAn,asegm,France,eCommerse
oojzBny,asegm,France,Manufacturing
aDCfUMV,aalomg,Germany,Manufacturing
LjflryH,gbunge,Israel,CPG
PzpyWtV,asegm,France,eCommerse
RclecSF,gbunge,Israel,CPG
zlBqojg,mmoo,CEE,Software
xUzTjvg,pjameson,Italy,CPG
CjZzzZt,psally,UKIE,eCommerse
KxlKxuy,jthompson,UKIE,eCommerse
UWAZnMY,pjameson,Italy,Manufacturing
qLSInnl,gbunge,Israel,Software
PHUAtVU,ncollins,Turkey,eCommerse
TLbnCbj,jsmith,Spain,Software
LRZBVcm,mmoo,CEE,eCommerse
gkseKcJ,asegm,France,eCommerse
oZOgqyM,aalomg,Germany,Software
ohRAmgd,gbunge,Israel,Software
xYcVvbP,psally,UKIE,Software
bvNEWzi,ncollins,Turkey,eCommerse
UQnZLWz,jsmith,Spain,FSI
BGzZvfe,psally,UKIE,Manufacturing
GDGZYPQ,jsmith,Spain,CPG
ysNxvgo,asegm,France,eCommerse
bvgcicu,pjameson,Italy,CPG
MZvzkix,gbunge,Israel,CPG
PqVlJux,jthompson,UKIE,Manufacturing
lvHjnJv,mmoo,CEE,Software
TVROlrG,amiddleton,UKIE,FSI
UTnORZV,pjameson,Italy,CPG
bXYxiVO,pjameson,Italy,Software
KwtMRdx,amiddleton,UKIE,Software
AKjZadO,ncollins,Turkey,Manufacturing
nKipYsy,ncollins,Turkey,CPG
KtfwyuN,mmoo,CEE,Software
QqFxoJI,psally,UKIE,CPG
rQEOcHs,gbunge,Israel,FSI
DnRhRVC,mmoo,CEE,Software
QpefJhB,gbunge,Israel,FSI
wPJdYID,jsmith,Spain,eCommerse
Cpoqblw,psally,UKIE,Manufacturing
PuqiPqg,jsmith,Spain,eCommerse
nRDKSlk,gbunge,Israel,eCommerse
JHFnRJF,psally,UKIE,eCommerse
iuOjnNp,jsmith,Spain,eCommerse
ZBWuHxi,pjameson,Italy,Manufacturing
gXzBDhs,gbunge,Israel,FSI
JfIoSAQ,mmoo,CEE,Manufacturing
qCkgSsH,mmoo,CEE,FSI
IeApKqA,gbunge,Israel,Manufacturing
woxLfyk,gbunge,Israel,CPG
lmNtkjU,amiddleton,UKIE,Software
tXDNdkQ,amiddleton,UKIE,Manufacturing
aZSHcTA,jsmith,Spain,Manufacturing
ZqqnaIp,aalomg,Germany,Software
uEWIKtI,aalomg,Germany,Software
eiOSxJr,amiddleton,UKIE,CPG
SWxkPZz,jthompson,UKIE,Manufacturing
HXBvyjG,mmoo,CEE,Manufacturing
cZkpWAp,gbunge,Israel,Software
TUrBGQm,amiddleton,UKIE,CPG
yrqkpdS,gbunge,Israel,FSI
tKQKhwu,jsmith,Spain,FSI
sdwkIUi,jsmith,Spain,FSI
dnEyOOW,ncollins,Turkey,Software
ehbulUJ,gbunge,Israel,FSI
DIhAieB,psally,UKIE,eCommerse
VBysVlk,jthompson,UKIE,Manufacturing
aQPMzWT,ncollins,Turkey,CPG
aWQhrNE,psally,UKIE,FSI
SRWhpHL,asegm,France,Software
TrufXcx,amiddleton,UKIE,FSI
dMwZyxL,pjameson,Italy,Software
xBprGTK,psally,UKIE,CPG
JUyVTMK,psally,UKIE,FSI
iGFIQjf,jthompson,UKIE,CPG
kcgHtap,gbunge,Israel,CPG
osiDiPs,aalomg,Germany,Software
nTqHCKW,ncollins,Turkey,eCommerse
NDbYqRQ,jthompson,UKIE,eCommerse
TvsBBzV,amiddleton,UKIE,FSI
VSwWRlK,mmoo,CEE,CPG
ZblysPR,mmoo,CEE,Manufacturing
FmnxozF,mmoo,CEE,Manufacturing
InGtDkb,gbunge,Israel,CPG
yLOnAqe,mmoo,CEE,FSI
YWZXuCE,gbunge,Israel,CPG
ZLVKyTX,mmoo,CEE,FSI
xKeCWmL,pjameson,Italy,Manufacturing
ElBPzHJ,ncollins,Turkey,Manufacturing
UPCDfog,amiddleton,UKIE,CPG
gDwYTCr,jthompson,UKIE,FSI
LkUtiCQ,amiddleton,UKIE,Manufacturing
IPvzEPv,amiddleton,UKIE,Manufacturing
NipNLHP,asegm,France,CPG
SAIeyog,jsmith,Spain,Software
pLVQEVV,psally,UKIE,Manufacturing
XTRAtDf,ncollins,Turkey,eCommerse
lLgDEtY,pjameson,Italy,FSI
TWrcSwr,jsmith,Spain,Manufacturing
VGQUCxk,mmoo,CEE,FSI
JEwePgc,asegm,France,Manufacturing
IuZLSjz,aalomg,Germany,eCommerse
FnjcRgf,jthompson,UKIE,Software
ibVraBD,amiddleton,UKIE,Software
hTUZSmm,gbunge,Israel,FSI
GaNfuLB,asegm,France,FSI
TCMkKzd,pjameson,Italy,Software
CFjvIHd,gbunge,Israel,FSI
zbHoUJY,aalomg,Germany,Software
zKUcTSM,jsmith,Spain,eCommerse
nwRCUbg,mmoo,CEE,eCommerse
PypoPsq,aalomg,Germany,FSI
jpIIQlU,asegm,France,CPG
VNmJQWw,pjameson,Italy,Manufacturing
Ribixpg,asegm,France,eCommerse
XKTmVtm,gbunge,Israel,FSI
MgIoEfG,gbunge,Israel,FSI
ojswbsN,pjameson,Italy,Software
nuJRHvw,psally,UKIE,Software
tXcITvh,psally,UKIE,eCommerse
GspBmAq,amiddleton,UKIE,Software
NfiIAnr,psally,UKIE,Software
jfUmOIG,jthompson,UKIE,Manufacturing
UXiYxgS,asegm,France,eCommerse
AtjHIpV,pjameson,Italy,Manufacturing
wASNxDZ,gbunge,Israel,Manufacturing
oAYHqMw,jsmith,Spain,CPG
eRccnop,psally,UKIE,CPG
puLAvKZ,pjameson,Italy,FSI
FsbGiOj,ncollins,Turkey,CPG
IEVwVGB,psally,UKIE,FSI
bmxkHOM,pjameson,Italy,Manufacturing
wBCqCGP,jsmith,Spain,Software
TSFmzLs,ncollins,Turkey,Software
DYssLFA,pjameson,Italy,Manufacturing
hzjeDNJ,amiddleton,UKIE,CPG
nwOZNoC,pjameson,Italy,FSI
CVVyVJl,asegm,France,eCommerse
igvSMYT,jsmith,Spain,CPG
exJAprq,amiddleton,UKIE,Software
DfezUNb,mmoo,CEE,Software
mcGJLBi,ncollins,Turkey,eCommerse
poWeDMK,amiddleton,UKIE,eCommerse
sJnCcoy,asegm,France,FSI
idxHFTI,amiddleton,UKIE,CPG
jfnzBro,amiddleton,UKIE,Manufacturing
IcVGukZ,gbunge,Israel,CPG
GdpLIXO,amiddleton,UKIE,FSI
rMJNcmc,pjameson,Italy,Software
kTnHmhz,ncollins,Turkey,Software
uFqjEpV,psally,UKIE,CPG
DFcKvqf,asegm,France,Manufacturing
BPwuMIF,amiddleton,UKIE,CPG
YINMzro,psally,UKIE,Software
SjdRpDo,jsmith,Spain,eCommerse
rBnChIP,asegm,France,Manufacturing
ETgtEoe,asegm,France,FSI
mZOYcCw,amiddleton,UKIE,Manufacturing
bRCKJIi,jsmith,Spain,Manufacturing
vjFBVzY,amiddleton,UKIE,eCommerse
dwhzXPf,psally,UKIE,Manufacturing
qixfrfa,mmoo,CEE,FSI
wcnater,asegm,France,FSI
KvbQrnP,amiddleton,UKIE,Manufacturing
frWvjgT,asegm,France,CPG
IndBGTm,aalomg,Germany,Software
aWLrTyY,jthompson,UKIE,eCommerse
ecGdfjc,mmoo,CEE,CPG
wiihHyb,pjameson,Italy,Manufacturing
UUSdSRj,gbunge,Israel,eCommerse
AuRQLcI,aalomg,Germany,Manufacturing
zgsJmeQ,psally,UKIE,eCommerse
wXEbILc,jsmith,Spain,Manufacturing
yfaGpfO,amiddleton,UKIE,FSI
QUQMrhT,jsmith,Spain,FSI
hniXkPq,pjameson,Italy,Software
xXAXiPm,aalomg,Germany,CPG
fIQVzTJ,ncollins,Turkey,CPG
LeseNzj,psally,UKIE,Manufacturing
GlpCLoo,psally,UKIE,CPG
IUzmqAF,asegm,France,CPG
bdnJhky,jthompson,UKIE,FSI
BjNNBmw,jthompson,UKIE,Manufacturing
RNVUyev,jthompson,UKIE,eCommerse
tzQKILv,mmoo,CEE,eCommerse
KTVFPhh,amiddleton,UKIE,Manufacturing
xWahfNY,asegm,France,Manufacturing
bMLjrzK,aalomg,Germany,Software
pwrbnYq,ncollins,Turkey,CPG
Aiihofw,amiddleton,UKIE,FSI
zlGNGJb,amiddleton,UKIE,CPG
uCoJsgJ,aalomg,Germany,FSI
wSEfxwY,pjameson,Italy,FSI
NlzmTBf,amiddleton,UKIE,Software
rrYdIzh,amiddleton,UKIE,Manufacturing
iNRONHR,amiddleton,UKIE,Manufacturing
qpXLsRp,ncollins,Turkey,Manufacturing
LxcAElM,asegm,France,Manufacturing
PlnkZqX,jsmith,Spain,FSI
PxYbLNC,gbunge,Israel,Software
HwhqhsS,psally,UKIE,FSI
FfUHyAN,jsmith,Spain,CPG
HMJyfJh,psally,UKIE,eCommerse
HWSifAq,jsmith,Spain,FSI
KJxFXrp,ncollins,Turkey,FSI
KdelVMQ,jsmith,Spain,Software
xQsOsbx,amiddleton,UKIE,CPG
HxBngQf,ncollins,Turkey,CPG
NWGzKOK,jsmith,Spain,FSI
ffMacXB,jthompson,UKIE,FSI
LlqZfHW,pjameson,Italy,Software
EMpUrwf,mmoo,CEE,Manufacturing
LIbLizh,jsmith,Spain,FSI
HNDmJuV,mmoo,CEE,Software
BqzwiWB,amiddleton,UKIE,Software
UmszUnI,ncollins,Turkey,Manufacturing
bNozpWB,jsmith,Spain,CPG
FGreaVN,aalomg,Germany,Manufacturing
lHJOQcn,pjameson,Italy,CPG
vGfbExb,mmoo,CEE,Manufacturing
hsgDJIr,asegm,France,CPG
IDtjYDm,jsmith,Spain,Manufacturing
QOLtAOI,jthompson,UKIE,eCommerse
laWlIfx,mmoo,CEE,Manufacturing
CMOhBOa,asegm,France,eCommerse
ztQHXaU,mmoo,CEE,FSI
KtZXhyU,gbunge,Israel,eCommerse
yDFNIqf,jsmith,Spain,Software
jzVsxKn,asegm,France,eCommerse
PuIyyzo,ncollins,Turkey,CPG
cxXYSZM,aalomg,Germany,FSI
qaTOcjp,asegm,France,FSI
cBUtvgn,psally,UKIE,CPG
BMOPxkh,pjameson,Italy,Software
qtSqSvk,psally,UKIE,Manufacturing
hRrSoCd,asegm,France,Manufacturing
VfWpUud,jsmith,Spain,Manufacturing
Wjvuxcg,aalomg,Germany,eCommerse
jjgeOHD,psally,UKIE,Manufacturing
jjdjGRv,jthompson,UKIE,Manufacturing
fJDESIL,jthompson,UKIE,eCommerse
uxFhWoh,amiddleton,UKIE,FSI
mBTwvQR,asegm,France,eCommerse
gnfmEDu,jthompson,UKIE,CPG
URKmAaO,pjameson,Italy,Manufacturing
viCHHSA,aalomg,Germany,FSI
gvuVxVw,amiddleton,UKIE,Manufacturing
xnwYQsq,ncollins,Turkey,Software
sRtBRhv,gbunge,Israel,Manufacturing
nyUOgne,amiddleton,UKIE,eCommerse
ZBiWDCt,asegm,France,Software
sktdVeO,asegm,France,Manufacturing
uMWbggB,gbunge,Israel,FSI
eCavcTX,psally,UKIE,Manufacturing
fgpmOKq,amiddleton,UKIE,Software
LQdUBmH,gbunge,Israel,Software
NsYCEEU,amiddleton,UKIE,Software
oweiGsC,gbunge,Israel,Manufacturing
tDMnsDr,gbunge,Israel,eCommerse
CyasqDf,psally,UKIE,Software
bJGGTxt,aalomg,Germany,Manufacturing
hSUOJnZ,aalomg,Germany,eCommerse
YPxBhvj,jthompson,UKIE,CPG
UNuzrDm,jthompson,UKIE,FSI
jJsGUak,ncollins,Turkey,eCommerse
ALgPqWW,aalomg,Germany,eCommerse
EnnEKpm,pjameson,Italy,FSI
QCSFpoO,gbunge,Israel,CPG
moTBSKS,pjameson,Italy,Software
JGDOQRj,gbunge,Israel,eCommerse
ETZGttP,ncollins,Turkey,Manufacturing
usddyoE,pjameson,Italy,FSI
CzGszrn,jthompson,UKIE,eCommerse
QSoPlhS,gbunge,Israel,Manufacturing
sOzJBok,aalomg,Germany,CPG
chYCSdX,asegm,France,eCommerse
jvfpilj,jthompson,UKIE,Software
IUKMCmY,aalomg,Germany,Manufacturing
nNRNRIp,mmoo,CEE,CPG
hJHnIkb,mmoo,CEE,eCommerse
ZWcqhmS,pjameson,Italy,eCommerse
lsDNYVk,gbunge,Israel,Manufacturing
aYraUhq,ncollins,Turkey,Software
ngVqNru,gbunge,Israel,eCommerse
SsudVif,amiddleton,UKIE,Software
iUxpVoA,mmoo,CEE,Manufacturing
LMhfHyI,asegm,France,Manufacturing
nAPLsjs,jthompson,UKIE,CPG
qBgPGIN,mmoo,CEE,FSI
dUXBldv,amiddleton,UKIE,Software
qiwhhjl,mmoo,CEE,eCommerse
FNhJDSB,psally,UKIE,FSI
ItnDkEw,aalomg,Germany,Manufacturing
zhFivPn,pjameson,Italy,Software
ZwpeHly,jthompson,UKIE,eCommerse
wrSTSid,amiddleton,UKIE,Software
JzCrbQI,mmoo,CEE,Software
NDVKywB,mmoo,CEE,eCommerse
vkXbLUt,jthompson,UKIE,CPG
iTsuSbG,amiddleton,UKIE,eCommerse
oXCBDcH,jthompson,UKIE,CPG
YjdExRC,psally,UKIE,CPG
cuywUac,ncollins,Turkey,eCommerse
NgVIRfm,aalomg,Germany,Software
aqaowoS,mmoo,CEE,Manufacturing
VOrjSeY,gbunge,Israel,Software
bUpekyl,amiddleton,UKIE,Software
inDzQrt,mmoo,CEE,FSI
SepRyxN,pjameson,Italy,Software
nofblXZ,pjameson,Italy,FSI
lTbqzAz,psally,UKIE,Manufacturing
DMMyJjo,amiddleton,UKIE,Manufacturing
BBwbVjQ,jthompson,UKIE,Software
wRyQkVn,ncollins,Turkey,CPG
fnGYQwM,mmoo,CEE,Manufacturing
SZBdzvo,jsmith,Spain,eCommerse
DHLWidr,asegm,France,FSI
nJriCEL,pjameson,Italy,FSI
wZWmTSx,psally,UKIE,CPG
mlqjLVX,asegm,France,Software
jqMxXVs,aalomg,Germany,Software
YmdgBCG,ncollins,Turkey,CPG
WsPVDGe,pjameson,Italy,CPG
jDzNPWm,gbunge,Israel,eCommerse
ekEuard,gbunge,Israel,Manufacturing
aSASHJH,psally,UKIE,Software
FFnHwFO,jthompson,UKIE,FSI
DdAbvGo,ncollins,Turkey,Software
DvPmzVr,jsmith,Spain,FSI
XzYkEUk,jthompson,UKIE,FSI
cLXfkmj,aalomg,Germany,Software
TuNiRlM,jsmith,Spain,eCommerse
OcstWKe,amiddleton,UKIE,FSI
NYZkszS,gbunge,Israel,FSI
dsvDHTH,amiddleton,UKIE,FSI
BbfOoFN,gbunge,Israel,eCommerse
VkzFhaS,asegm,France,FSI
tMFbDgo,pjameson,Italy,CPG
jVpgZwj,mmoo,CEE,Manufacturing
QJYJvYS,gbunge,Israel,FSI
qNAmhNZ,mmoo,CEE,eCommerse
aAxXPrH,gbunge,Israel,Software
xaglZkO,gbunge,Israel,eCommerse
LRTgSVp,aalomg,Germany,CPG
QddDaxd,aalomg,Germany,eCommerse
mUpjqvz,mmoo,CEE,eCommerse
ZNrwKqC,pjameson,Italy,Manufacturing
scwgRSp,amiddleton,UKIE,FSI
gOOtYdr,jthompson,UKIE,CPG
LTYwUTl,mmoo,CEE,Software
kiEAXSP,ncollins,Turkey,Manufacturing
hsScRLc,jsmith,Spain,Manufacturing
iPWguKU,psally,UKIE,CPG
OFbnbRY,psally,UKIE,FSI
PjnyYCz,amiddleton,UKIE,Manufacturing
EdXjulR,aalomg,Germany,CPG
MahBeEd,aalomg,Germany,Software
ThiVDHY,pjameson,Italy,eCommerse
ABvyKuH,mmoo,CEE,CPG
bPtzrke,pjameson,Italy,Software
WoTZwGU,mmoo,CEE,Software
gMApJkB,psally,UKIE,eCommerse
kdXQUuU,jthompson,UKIE,FSI
OjoVMbj,asegm,France,Manufacturing
pJBXmtQ,psally,UKIE,Software
zjqcxeS,mmoo,CEE,FSI
TbNhtpH,ncollins,Turkey,FSI
lQKHPhn,jsmith,Spain,eCommerse
WqjYbDf,asegm,France,CPG
acfUxgz,aalomg,Germany,FSI
cAdsuOp,jsmith,Spain,Manufacturing
UvfZtdp,jthompson,UKIE,FSI
kYuOXYB,asegm,France,eCommerse